{
  "load_mw": {
    "mean": 25225.15650251925,
    "std": 4789.3273822073925
  },
  "temperature_c": {
    "mean": 17.49306552428938,
    "std": 7.743725671812859
  },
  "precipitation_mm": {
    "mean": 0.05617097632854834,
    "std": 0.24538903866513764
  },
  "solar_radiation_wm2": {
    "mean": 222.91287194600247,
    "std": 300.17561314602966
  },
  "windspeed_ms": {
    "mean": 2.531811602813956,
    "std": 1.0844402537471256
  },
  "humidity_pct": {
    "mean": 59.510534508983746,
    "std": 20.369997929322807
  },
  "gas_price_mmbtu": {
    "mean": 3.5114477635314123,
    "std": 1.9431789267342143
  },
  "load_lag1": {
    "mean": 25224.980178724214,
    "std": 4789.299459055351
  },
  "load_lag2": {
    "mean": 25224.804781823368,
    "std": 4789.216428847263
  },
  "load_lag3": {
    "mean": 25224.636871375606,
    "std": 4789.088146885534
  },
  "load_lag4": {
    "mean": 25224.474046962638,
    "std": 4788.934466979413
  },
  "load_lag5": {
    "mean": 25224.32624298888,
    "std": 4788.791837479816
  },
  "load_lag6": {
    "mean": 25224.206507272553,
    "std": 4788.686426458566
  },
  "load_lag7": {
    "mean": 25224.108517919954,
    "std": 4788.622696729631
  },
  "load_lag8": {
    "mean": 25223.964587888582,
    "std": 4788.5980507132745
  },
  "load_lag9": {
    "mean": 25223.782702728397,
    "std": 4788.627540297636
  },
  "load_lag10": {
    "mean": 25223.57517349558,
    "std": 4788.690454148196
  },
  "load_lag11": {
    "mean": 25223.345446335203,
    "std": 4788.768433340926
  },
  "load_lag12": {
    "mean": 25223.09642076243,
    "std": 4788.836256579552
  },
  "load_lag13": {
    "mean": 25222.875986310486,
    "std": 4788.904774080235
  },
  "load_lag14": {
    "mean": 25222.71679817473,
    "std": 4788.97733365927
  },
  "load_lag15": {
    "mean": 25222.60112653294,
    "std": 4789.037674557934
  },
  "load_lag16": {
    "mean": 25222.53676680293,
    "std": 4789.077489211646
  },
  "load_lag17": {
    "mean": 25222.50722502139,
    "std": 4789.096532151702
  },
  "load_lag18": {
    "mean": 25222.478396235383,
    "std": 4789.115030961652
  },
  "load_lag19": {
    "mean": 25222.412444148682,
    "std": 4789.1567303558895
  },
  "load_lag20": {
    "mean": 25222.330734860727,
    "std": 4789.210736721108
  },
  "load_lag21": {
    "mean": 25222.23188991349,
    "std": 4789.269451451697
  },
  "load_lag22": {
    "mean": 25222.111964065025,
    "std": 4789.321691260422
  },
  "load_lag23": {
    "mean": 25221.962995531896,
    "std": 4789.349686886217
  },
  "load_lag24": {
    "mean": 25221.781894666794,
    "std": 4789.329943037816
  }
}