{
  "load_mw": {
    "mean": 25225.15650251925,
    "std": 4789.3273822073925
  },
  "gas_price_mmbtu": {
    "mean": 3.5114477635314123,
    "std": 1.9431789267342143
  },
  "sacramento_temperature_c": {
    "mean": 17.06884684855975,
    "std": 9.032695459912137
  },
  "sacramento_precipitation_mm": {
    "mean": 0.06701207339100676,
    "std": 0.39777434156328056
  },
  "sacramento_solar_radiation_wm2": {
    "mean": 217.43649586462593,
    "std": 299.18340282848595
  },
  "sacramento_windspeed_ms": {
    "mean": 2.738494628766993,
    "std": 1.5453980171743138
  },
  "sacramento_humidity_pct": {
    "mean": 60.049576955984406,
    "std": 26.116612471733166
  },
  "sanjose_temperature_c": {
    "mean": 15.900798554995722,
    "std": 6.441007647626325
  },
  "sanjose_precipitation_mm": {
    "mean": 0.05775026143169503,
    "std": 0.37746449474744054
  },
  "sanjose_solar_radiation_wm2": {
    "mean": 226.69818899134899,
    "std": 309.4747164567941
  },
  "sanjose_windspeed_ms": {
    "mean": 2.5821556231580947,
    "std": 1.7392187924356979
  },
  "sanjose_humidity_pct": {
    "mean": 64.67249738568304,
    "std": 20.127088201638188
  },
  "fresno_temperature_c": {
    "mean": 19.143896758246985,
    "std": 10.134890210975787
  },
  "fresno_precipitation_mm": {
    "mean": 0.04623300693982318,
    "std": 0.308567037955539
  },
  "fresno_solar_radiation_wm2": {
    "mean": 224.64621161707387,
    "std": 303.71910982184124
  },
  "fresno_windspeed_ms": {
    "mean": 2.5105406882783536,
    "std": 1.3496978170135487
  },
  "fresno_humidity_pct": {
    "mean": 50.03705200114079,
    "std": 26.367790014145488
  },
  "la_temperature_c": {
    "mean": 17.858719935355072,
    "std": 6.5155714223946655
  },
  "la_precipitation_mm": {
    "mean": 0.05368856355166841,
    "std": 0.4090990502505558
  },
  "la_solar_radiation_wm2": {
    "mean": 222.87059131096112,
    "std": 302.9118429637852
  },
  "la_windspeed_ms": {
    "mean": 2.2960554710523815,
    "std": 1.4601385475942552
  },
  "la_humidity_pct": {
    "mean": 63.283011693126724,
    "std": 24.215217391951516
  },
  "load_lag1": {
    "mean": 25224.980178724214,
    "std": 4789.299459055351
  },
  "load_lag2": {
    "mean": 25224.804781823368,
    "std": 4789.216428847263
  },
  "load_lag3": {
    "mean": 25224.636871375606,
    "std": 4789.088146885534
  },
  "load_lag4": {
    "mean": 25224.474046962638,
    "std": 4788.934466979413
  },
  "load_lag5": {
    "mean": 25224.32624298888,
    "std": 4788.791837479816
  },
  "load_lag6": {
    "mean": 25224.206507272553,
    "std": 4788.686426458566
  },
  "load_lag7": {
    "mean": 25224.108517919954,
    "std": 4788.622696729631
  },
  "load_lag8": {
    "mean": 25223.964587888582,
    "std": 4788.5980507132745
  },
  "load_lag9": {
    "mean": 25223.782702728397,
    "std": 4788.627540297636
  },
  "load_lag10": {
    "mean": 25223.57517349558,
    "std": 4788.690454148196
  },
  "load_lag11": {
    "mean": 25223.345446335203,
    "std": 4788.768433340926
  },
  "load_lag12": {
    "mean": 25223.09642076243,
    "std": 4788.836256579552
  },
  "load_lag13": {
    "mean": 25222.875986310486,
    "std": 4788.904774080235
  },
  "load_lag14": {
    "mean": 25222.71679817473,
    "std": 4788.97733365927
  },
  "load_lag15": {
    "mean": 25222.60112653294,
    "std": 4789.037674557934
  },
  "load_lag16": {
    "mean": 25222.53676680293,
    "std": 4789.077489211646
  },
  "load_lag17": {
    "mean": 25222.50722502139,
    "std": 4789.096532151702
  },
  "load_lag18": {
    "mean": 25222.478396235383,
    "std": 4789.115030961652
  },
  "load_lag19": {
    "mean": 25222.412444148682,
    "std": 4789.1567303558895
  },
  "load_lag20": {
    "mean": 25222.330734860727,
    "std": 4789.210736721108
  },
  "load_lag21": {
    "mean": 25222.23188991349,
    "std": 4789.269451451697
  },
  "load_lag22": {
    "mean": 25222.111964065025,
    "std": 4789.321691260422
  },
  "load_lag23": {
    "mean": 25221.962995531896,
    "std": 4789.349686886217
  },
  "load_lag24": {
    "mean": 25221.781894666794,
    "std": 4789.329943037816
  }
}