{
  "load_mw": {
    "mean": 24984.33348465892,
    "std": 4096.411861406164
  },
  "temperature_c": {
    "mean": 17.357928576179706,
    "std": 7.682233098587871
  },
  "precipitation_mm": {
    "mean": 0.059130257131454415,
    "std": 0.2550953335509457
  },
  "solar_radiation_wm2": {
    "mean": 218.48102396472757,
    "std": 296.98038278220935
  },
  "windspeed_ms": {
    "mean": 2.4734678203502205,
    "std": 1.0281364092080623
  },
  "humidity_pct": {
    "mean": 60.10826887626143,
    "std": 20.409232087088874
  },
  "gas_price_mmbtu": {
    "mean": 3.0619669055478616,
    "std": 1.3229512023790455
  }
}